code,indicator,year,value
AS,SST_ANOM,1993,0.1
AS,SST_ANOM,1994,0.2
AS,SST_ANOM,1995,0.3
AS,SST_ANOM,1996,0.2
AS,SST_ANOM,1997,-0.1
AS,SST_ANOM,1998,-0.2
AS,SST_ANOM,1999,0.1
AS,SST_ANOM,2000,0.3
AS,SST_ANOM,2001,0.2
AS,SST_ANOM,2002,0.4
AS,SST_ANOM,2003,0.5
AS,SST_ANOM,2004,0.6
AS,SST_ANOM,2005,0.6
AS,SST_ANOM,2006,0.5
AS,SST_ANOM,2007,0.5
AS,SST_ANOM,2008,0.1
AS,SST_ANOM,2009,0.4
AS,SST_ANOM,2010,0.5
AS,SST_ANOM,2011,0.1
AS,SST_ANOM,2012,0.4
AS,SST_ANOM,2013,0.5
AS,SST_ANOM,2014,0.6
AS,SST_ANOM,2015,0.3
AS,SST_ANOM,2016,0.6
AS,SST_ANOM,2017,0.7
AS,SST_ANOM,2018,0.6
AS,SST_ANOM,2019,0.7
AS,SST_ANOM,2020,0.7
AS,SST_ANOM,2021,0.4
AS,SST_ANOM,2022,0.4
AS,SST_ANOM,2023,0.5
FM,SST_ANOM,1993,-0.4
FM,SST_ANOM,1994,0
FM,SST_ANOM,1995,0.3
FM,SST_ANOM,1996,0.4
FM,SST_ANOM,1997,0
FM,SST_ANOM,1998,0.1
FM,SST_ANOM,1999,0.2
FM,SST_ANOM,2000,0.2
FM,SST_ANOM,2001,0.4
FM,SST_ANOM,2002,0.3
FM,SST_ANOM,2003,0.4
FM,SST_ANOM,2004,0.3
FM,SST_ANOM,2005,0.3
FM,SST_ANOM,2006,0.3
FM,SST_ANOM,2007,0.4
FM,SST_ANOM,2008,0.3
FM,SST_ANOM,2009,0.4
FM,SST_ANOM,2010,0.4
FM,SST_ANOM,2011,0.4
FM,SST_ANOM,2012,0.4
FM,SST_ANOM,2013,0.5
FM,SST_ANOM,2014,0.6
FM,SST_ANOM,2015,0.3
FM,SST_ANOM,2016,0.6
FM,SST_ANOM,2017,0.7
FM,SST_ANOM,2018,0.6
FM,SST_ANOM,2019,0.5
FM,SST_ANOM,2020,0.7
FM,SST_ANOM,2021,0.7
FM,SST_ANOM,2022,0.6
FM,SST_ANOM,2023,0.7
TK,RAIN_ANOM,1993,10.5
TK,RAIN_ANOM,1994,8.5
TK,RAIN_ANOM,1995,12.4
TK,RAIN_ANOM,1996,-19.6
TK,RAIN_ANOM,1997,21
TK,RAIN_ANOM,1998,19.1
TK,RAIN_ANOM,1999,-31.9
TK,RAIN_ANOM,2000,-32.1
TK,RAIN_ANOM,2001,9.1
TK,RAIN_ANOM,2002,-3.1
TK,RAIN_ANOM,2003,16.3
TK,RAIN_ANOM,2004,9.6
TK,RAIN_ANOM,2005,5
TK,RAIN_ANOM,2006,-4.7
TK,RAIN_ANOM,2007,19.3
TK,RAIN_ANOM,2008,-31.2
TK,RAIN_ANOM,2009,-24.9
TK,RAIN_ANOM,2010,-3.8
TK,RAIN_ANOM,2011,-38.3
TK,RAIN_ANOM,2012,-4.8
TK,RAIN_ANOM,2013,20.1
TK,RAIN_ANOM,2014,9.2
TK,RAIN_ANOM,2015,22.4
TK,RAIN_ANOM,2016,10
TK,RAIN_ANOM,2017,-5.9
TK,RAIN_ANOM,2018,-16.7
TK,RAIN_ANOM,2019,18.3
TK,RAIN_ANOM,2020,12.2
TK,RAIN_ANOM,2021,-38.8
TK,RAIN_ANOM,2022,-30.8
TK,RAIN_ANOM,2023,-9.6
KI,SEA_LVL,1993,0
KI,SEA_LVL,1994,0
KI,SEA_LVL,1995,0
KI,SEA_LVL,1996,0
KI,SEA_LVL,1997,0
KI,SEA_LVL,1998,-0.1
KI,SEA_LVL,1999,0
KI,SEA_LVL,2000,0
KI,SEA_LVL,2001,0
KI,SEA_LVL,2002,0.1
KI,SEA_LVL,2003,0.1
KI,SEA_LVL,2004,0.1
KI,SEA_LVL,2005,0.1
KI,SEA_LVL,2006,0
KI,SEA_LVL,2007,0
KI,SEA_LVL,2008,0
KI,SEA_LVL,2009,0
KI,SEA_LVL,2010,0
KI,SEA_LVL,2011,0
KI,SEA_LVL,2012,0
KI,SEA_LVL,2013,0
KI,SEA_LVL,2014,0.1
KI,SEA_LVL,2015,0.1
KI,SEA_LVL,2016,0.1
KI,SEA_LVL,2017,0.1
KI,SEA_LVL,2018,0.1
KI,SEA_LVL,2019,0.1
KI,SEA_LVL,2020,0.1
KI,SEA_LVL,2021,0.1
KI,SEA_LVL,2022,0.1
KI,SEA_LVL,2023,0.1
WS,SST_ANOM,1993,0.1
WS,SST_ANOM,1994,0.3
WS,SST_ANOM,1995,0.3
WS,SST_ANOM,1996,0.1
WS,SST_ANOM,1997,-0.1
WS,SST_ANOM,1998,-0.2
WS,SST_ANOM,1999,0
WS,SST_ANOM,2000,0.2
WS,SST_ANOM,2001,0.2
WS,SST_ANOM,2002,0.4
WS,SST_ANOM,2003,0.5
WS,SST_ANOM,2004,0.5
WS,SST_ANOM,2005,0.6
WS,SST_ANOM,2006,0.5
WS,SST_ANOM,2007,0.5
WS,SST_ANOM,2008,0.1
WS,SST_ANOM,2009,0.4
WS,SST_ANOM,2010,0.4
WS,SST_ANOM,2011,0
WS,SST_ANOM,2012,0.4
WS,SST_ANOM,2013,0.5
WS,SST_ANOM,2014,0.6
WS,SST_ANOM,2015,0.5
WS,SST_ANOM,2016,0.6
WS,SST_ANOM,2017,0.6
WS,SST_ANOM,2018,0.6
WS,SST_ANOM,2019,0.7
WS,SST_ANOM,2020,0.6
WS,SST_ANOM,2021,0.4
WS,SST_ANOM,2022,0.3
WS,SST_ANOM,2023,0.6
MH,RAIN_ANOM,1993,5.6
MH,RAIN_ANOM,1994,0.3
MH,RAIN_ANOM,1995,3.7
MH,RAIN_ANOM,1996,3.2
MH,RAIN_ANOM,1997,20.7
MH,RAIN_ANOM,1998,-20.2
MH,RAIN_ANOM,1999,-10.9
MH,RAIN_ANOM,2000,-1.7
MH,RAIN_ANOM,2001,-7.3
MH,RAIN_ANOM,2002,13.5
MH,RAIN_ANOM,2003,3.7
MH,RAIN_ANOM,2004,9.1
MH,RAIN_ANOM,2005,-6.5
MH,RAIN_ANOM,2006,-1.7
MH,RAIN_ANOM,2007,-8
MH,RAIN_ANOM,2008,-16.4
MH,RAIN_ANOM,2009,-6.4
MH,RAIN_ANOM,2010,-6.4
MH,RAIN_ANOM,2011,2.8
MH,RAIN_ANOM,2012,-15.3
MH,RAIN_ANOM,2013,-5.2
MH,RAIN_ANOM,2014,2.2
MH,RAIN_ANOM,2015,17.9
MH,RAIN_ANOM,2016,-6.5
MH,RAIN_ANOM,2017,-3.2
MH,RAIN_ANOM,2018,17.2
MH,RAIN_ANOM,2019,7
MH,RAIN_ANOM,2020,8
MH,RAIN_ANOM,2021,-2.1
MH,RAIN_ANOM,2022,8.1
MH,RAIN_ANOM,2023,8.9
PG,SEA_LVL,1993,-0.1
PG,SEA_LVL,1994,0
PG,SEA_LVL,1995,0
PG,SEA_LVL,1996,0
PG,SEA_LVL,1997,0
PG,SEA_LVL,1998,-0.1
PG,SEA_LVL,1999,0
PG,SEA_LVL,2000,0.1
PG,SEA_LVL,2001,0
PG,SEA_LVL,2002,0
PG,SEA_LVL,2003,0
PG,SEA_LVL,2004,0
PG,SEA_LVL,2005,0
PG,SEA_LVL,2006,0
PG,SEA_LVL,2007,0
PG,SEA_LVL,2008,0.1
PG,SEA_LVL,2009,0.1
PG,SEA_LVL,2010,0
PG,SEA_LVL,2011,0.1
PG,SEA_LVL,2012,0.1
PG,SEA_LVL,2013,0.1
PG,SEA_LVL,2014,0.1
PG,SEA_LVL,2015,0
PG,SEA_LVL,2016,0
PG,SEA_LVL,2017,0.1
PG,SEA_LVL,2018,0.1
PG,SEA_LVL,2019,0.1
PG,SEA_LVL,2020,0.1
PG,SEA_LVL,2021,0.1
PG,SEA_LVL,2022,0.2
PG,SEA_LVL,2023,0.1
AS,SEA_LVL,1993,0
AS,SEA_LVL,1994,0
AS,SEA_LVL,1995,0
AS,SEA_LVL,1996,0.1
AS,SEA_LVL,1997,0
AS,SEA_LVL,1998,-0.2
AS,SEA_LVL,1999,0
AS,SEA_LVL,2000,0
AS,SEA_LVL,2001,0
AS,SEA_LVL,2002,0
AS,SEA_LVL,2003,0
AS,SEA_LVL,2004,0.1
AS,SEA_LVL,2005,0
AS,SEA_LVL,2006,0.1
AS,SEA_LVL,2007,0.1
AS,SEA_LVL,2008,0.1
AS,SEA_LVL,2009,0
AS,SEA_LVL,2010,0
AS,SEA_LVL,2011,0.1
AS,SEA_LVL,2012,0
AS,SEA_LVL,2013,0
AS,SEA_LVL,2014,0
AS,SEA_LVL,2015,0.1
AS,SEA_LVL,2016,0
AS,SEA_LVL,2017,0.1
AS,SEA_LVL,2018,0.1
AS,SEA_LVL,2019,0.1
AS,SEA_LVL,2020,0.1
AS,SEA_LVL,2021,0.1
AS,SEA_LVL,2022,0.1
AS,SEA_LVL,2023,0.1
WF,RAIN_ANOM,1993,2.6
WF,RAIN_ANOM,1994,-7.6
WF,RAIN_ANOM,1995,2.3
WF,RAIN_ANOM,1996,-10
WF,RAIN_ANOM,1997,4.7
WF,RAIN_ANOM,1998,-20.5
WF,RAIN_ANOM,1999,6.6
WF,RAIN_ANOM,2000,-5.5
WF,RAIN_ANOM,2001,-10.4
WF,RAIN_ANOM,2002,-5.3
WF,RAIN_ANOM,2003,-7.8
WF,RAIN_ANOM,2004,-0.4
WF,RAIN_ANOM,2005,-3.8
WF,RAIN_ANOM,2006,16.8
WF,RAIN_ANOM,2007,8.4
WF,RAIN_ANOM,2008,-8.7
WF,RAIN_ANOM,2009,2.4
WF,RAIN_ANOM,2010,-2.6
WF,RAIN_ANOM,2011,-11.6
WF,RAIN_ANOM,2012,-3.4
WF,RAIN_ANOM,2013,13.9
WF,RAIN_ANOM,2014,-5.1
WF,RAIN_ANOM,2015,-14.9
WF,RAIN_ANOM,2016,-5.2
WF,RAIN_ANOM,2017,14.8
WF,RAIN_ANOM,2018,8
WF,RAIN_ANOM,2019,37.7
WF,RAIN_ANOM,2020,16.1
WF,RAIN_ANOM,2021,3.3
WF,RAIN_ANOM,2022,-10.9
WF,RAIN_ANOM,2023,-3.1
WS,SEA_LVL,1993,0
WS,SEA_LVL,1994,0
WS,SEA_LVL,1995,0
WS,SEA_LVL,1996,0.1
WS,SEA_LVL,1997,0
WS,SEA_LVL,1998,-0.2
WS,SEA_LVL,1999,0
WS,SEA_LVL,2000,0
WS,SEA_LVL,2001,0
WS,SEA_LVL,2002,0
WS,SEA_LVL,2003,0
WS,SEA_LVL,2004,0.1
WS,SEA_LVL,2005,0
WS,SEA_LVL,2006,0.1
WS,SEA_LVL,2007,0.1
WS,SEA_LVL,2008,0.1
WS,SEA_LVL,2009,0
WS,SEA_LVL,2010,0
WS,SEA_LVL,2011,0.1
WS,SEA_LVL,2012,0.1
WS,SEA_LVL,2013,0
WS,SEA_LVL,2014,0
WS,SEA_LVL,2015,0.1
WS,SEA_LVL,2016,0
WS,SEA_LVL,2017,0.1
WS,SEA_LVL,2018,0.1
WS,SEA_LVL,2019,0.1
WS,SEA_LVL,2020,0.1
WS,SEA_LVL,2021,0.2
WS,SEA_LVL,2022,0.1
WS,SEA_LVL,2023,0.1
PG,SST_ANOM,1993,-0.6
PG,SST_ANOM,1994,-0.1
PG,SST_ANOM,1995,0.3
PG,SST_ANOM,1996,0.5
PG,SST_ANOM,1997,-0.2
PG,SST_ANOM,1998,0.4
PG,SST_ANOM,1999,0.2
PG,SST_ANOM,2000,0.3
PG,SST_ANOM,2001,0.4
PG,SST_ANOM,2002,0.3
PG,SST_ANOM,2003,0.4
PG,SST_ANOM,2004,0.3
PG,SST_ANOM,2005,0.4
PG,SST_ANOM,2006,0.2
PG,SST_ANOM,2007,0.5
PG,SST_ANOM,2008,0.3
PG,SST_ANOM,2009,0.4
PG,SST_ANOM,2010,0.6
PG,SST_ANOM,2011,0.4
PG,SST_ANOM,2012,0.3
PG,SST_ANOM,2013,0.4
PG,SST_ANOM,2014,0.3
PG,SST_ANOM,2015,0.1
PG,SST_ANOM,2016,0.7
PG,SST_ANOM,2017,0.7
PG,SST_ANOM,2018,0.5
PG,SST_ANOM,2019,0.3
PG,SST_ANOM,2020,0.8
PG,SST_ANOM,2021,0.6
PG,SST_ANOM,2022,0.8
PG,SST_ANOM,2023,0.6
PW,SST_ANOM,1993,-0.4
PW,SST_ANOM,1994,-0.1
PW,SST_ANOM,1995,0.2
PW,SST_ANOM,1996,0.3
PW,SST_ANOM,1997,0
PW,SST_ANOM,1998,0.4
PW,SST_ANOM,1999,0.3
PW,SST_ANOM,2000,0.3
PW,SST_ANOM,2001,0.3
PW,SST_ANOM,2002,0.1
PW,SST_ANOM,2003,0.1
PW,SST_ANOM,2004,0
PW,SST_ANOM,2005,0.2
PW,SST_ANOM,2006,0.1
PW,SST_ANOM,2007,0.2
PW,SST_ANOM,2008,0.2
PW,SST_ANOM,2009,0.3
PW,SST_ANOM,2010,0.6
PW,SST_ANOM,2011,0.4
PW,SST_ANOM,2012,0.4
PW,SST_ANOM,2013,0.6
PW,SST_ANOM,2014,0.5
PW,SST_ANOM,2015,0.2
PW,SST_ANOM,2016,0.6
PW,SST_ANOM,2017,0.7
PW,SST_ANOM,2018,0.5
PW,SST_ANOM,2019,0.3
PW,SST_ANOM,2020,0.7
PW,SST_ANOM,2021,0.8
PW,SST_ANOM,2022,0.8
PW,SST_ANOM,2023,0.7
SB,RAIN_ANOM,1993,-20.4
SB,RAIN_ANOM,1994,-8.4
SB,RAIN_ANOM,1995,-12
SB,RAIN_ANOM,1996,5.1
SB,RAIN_ANOM,1997,-28
SB,RAIN_ANOM,1998,-2.3
SB,RAIN_ANOM,1999,-5.1
SB,RAIN_ANOM,2000,4.4
SB,RAIN_ANOM,2001,-0.7
SB,RAIN_ANOM,2002,1.4
SB,RAIN_ANOM,2003,-10.5
SB,RAIN_ANOM,2004,3.5
SB,RAIN_ANOM,2005,-10.3
SB,RAIN_ANOM,2006,8.7
SB,RAIN_ANOM,2007,-6.2
SB,RAIN_ANOM,2008,-8.4
SB,RAIN_ANOM,2009,8
SB,RAIN_ANOM,2010,-3.9
SB,RAIN_ANOM,2011,-4.3
SB,RAIN_ANOM,2012,18.1
SB,RAIN_ANOM,2013,7.5
SB,RAIN_ANOM,2014,12.2
SB,RAIN_ANOM,2015,13.2
SB,RAIN_ANOM,2016,-1.5
SB,RAIN_ANOM,2017,12
SB,RAIN_ANOM,2018,14.8
SB,RAIN_ANOM,2019,21.5
SB,RAIN_ANOM,2020,13.8
SB,RAIN_ANOM,2021,10.3
SB,RAIN_ANOM,2022,-3.2
SB,RAIN_ANOM,2023,24.4
NU,SST_ANOM,1993,-0.2
NU,SST_ANOM,1994,-0.1
NU,SST_ANOM,1995,0.2
NU,SST_ANOM,1996,0.3
NU,SST_ANOM,1997,-0.2
NU,SST_ANOM,1998,-0.2
NU,SST_ANOM,1999,0.5
NU,SST_ANOM,2000,0.6
NU,SST_ANOM,2001,0.2
NU,SST_ANOM,2002,0.4
NU,SST_ANOM,2003,0.4
NU,SST_ANOM,2004,0.6
NU,SST_ANOM,2005,0.5
NU,SST_ANOM,2006,0.5
NU,SST_ANOM,2007,0.5
NU,SST_ANOM,2008,0.5
NU,SST_ANOM,2009,0.4
NU,SST_ANOM,2010,0.7
NU,SST_ANOM,2011,0.8
NU,SST_ANOM,2012,0.4
NU,SST_ANOM,2013,0.6
NU,SST_ANOM,2014,0.5
NU,SST_ANOM,2015,0
NU,SST_ANOM,2016,0.4
NU,SST_ANOM,2017,0.7
NU,SST_ANOM,2018,0.6
NU,SST_ANOM,2019,0.6
NU,SST_ANOM,2020,0.7
NU,SST_ANOM,2021,0.8
NU,SST_ANOM,2022,0.9
NU,SST_ANOM,2023,0.5
MP,RAIN_ANOM,1993,-18.2
MP,RAIN_ANOM,1994,3.6
MP,RAIN_ANOM,1995,-6.8
MP,RAIN_ANOM,1996,5.5
MP,RAIN_ANOM,1997,3.6
MP,RAIN_ANOM,1998,-27
MP,RAIN_ANOM,1999,-11.3
MP,RAIN_ANOM,2000,-13.2
MP,RAIN_ANOM,2001,-2.1
MP,RAIN_ANOM,2002,11.9
MP,RAIN_ANOM,2003,3.6
MP,RAIN_ANOM,2004,25.3
MP,RAIN_ANOM,2005,6.1
MP,RAIN_ANOM,2006,8.3
MP,RAIN_ANOM,2007,2.5
MP,RAIN_ANOM,2008,-18.6
MP,RAIN_ANOM,2009,6.2
MP,RAIN_ANOM,2010,-14.8
MP,RAIN_ANOM,2011,6.1
MP,RAIN_ANOM,2012,-3.8
MP,RAIN_ANOM,2013,-7.9
MP,RAIN_ANOM,2014,14.9
MP,RAIN_ANOM,2015,17.1
MP,RAIN_ANOM,2016,-4.2
MP,RAIN_ANOM,2017,-7.5
MP,RAIN_ANOM,2018,15.3
MP,RAIN_ANOM,2019,3.4
MP,RAIN_ANOM,2020,-12.4
MP,RAIN_ANOM,2021,-8.9
MP,RAIN_ANOM,2022,-2.5
MP,RAIN_ANOM,2023,14
NU,SEA_LVL,1993,0
NU,SEA_LVL,1994,0
NU,SEA_LVL,1995,0
NU,SEA_LVL,1996,0
NU,SEA_LVL,1997,0
NU,SEA_LVL,1998,0
NU,SEA_LVL,1999,0
NU,SEA_LVL,2000,0
NU,SEA_LVL,2001,0
NU,SEA_LVL,2002,0
NU,SEA_LVL,2003,0
NU,SEA_LVL,2004,0
NU,SEA_LVL,2005,0
NU,SEA_LVL,2006,0.1
NU,SEA_LVL,2007,0.1
NU,SEA_LVL,2008,0.1
NU,SEA_LVL,2009,0.1
NU,SEA_LVL,2010,0
NU,SEA_LVL,2011,0.1
NU,SEA_LVL,2012,0.1
NU,SEA_LVL,2013,0.1
NU,SEA_LVL,2014,0.1
NU,SEA_LVL,2015,0
NU,SEA_LVL,2016,0.1
NU,SEA_LVL,2017,0.1
NU,SEA_LVL,2018,0.1
NU,SEA_LVL,2019,0.1
NU,SEA_LVL,2020,0.1
NU,SEA_LVL,2021,0.1
NU,SEA_LVL,2022,0.2
NU,SEA_LVL,2023,0.1
TV,SEA_LVL,1993,0
TV,SEA_LVL,1994,0
TV,SEA_LVL,1995,0
TV,SEA_LVL,1996,0
TV,SEA_LVL,1997,0
TV,SEA_LVL,1998,-0.2
TV,SEA_LVL,1999,0
TV,SEA_LVL,2000,0
TV,SEA_LVL,2001,0
TV,SEA_LVL,2002,0.1
TV,SEA_LVL,2003,0
TV,SEA_LVL,2004,0.1
TV,SEA_LVL,2005,0.1
TV,SEA_LVL,2006,0.1
TV,SEA_LVL,2007,0.1
TV,SEA_LVL,2008,0.1
TV,SEA_LVL,2009,0
TV,SEA_LVL,2010,0
TV,SEA_LVL,2011,0.1
TV,SEA_LVL,2012,0
TV,SEA_LVL,2013,0.1
TV,SEA_LVL,2014,0.1
TV,SEA_LVL,2015,0.1
TV,SEA_LVL,2016,0
TV,SEA_LVL,2017,0.1
TV,SEA_LVL,2018,0.1
TV,SEA_LVL,2019,0.1
TV,SEA_LVL,2020,0.1
TV,SEA_LVL,2021,0.1
TV,SEA_LVL,2022,0.1
TV,SEA_LVL,2023,0.1
PN,RAIN_ANOM,1993,3.5
PN,RAIN_ANOM,1994,15
PN,RAIN_ANOM,1995,1.4
PN,RAIN_ANOM,1996,-7.2
PN,RAIN_ANOM,1997,-3
PN,RAIN_ANOM,1998,-3.5
PN,RAIN_ANOM,1999,-9.8
PN,RAIN_ANOM,2000,-8.5
PN,RAIN_ANOM,2001,3.7
PN,RAIN_ANOM,2002,3.6
PN,RAIN_ANOM,2003,7.6
PN,RAIN_ANOM,2004,10.6
PN,RAIN_ANOM,2005,11.8
PN,RAIN_ANOM,2006,-11.9
PN,RAIN_ANOM,2007,2
PN,RAIN_ANOM,2008,-12.5
PN,RAIN_ANOM,2009,-2.9
PN,RAIN_ANOM,2010,-9.8
PN,RAIN_ANOM,2011,-28.3
PN,RAIN_ANOM,2012,24.2
PN,RAIN_ANOM,2013,3
PN,RAIN_ANOM,2014,-5.7
PN,RAIN_ANOM,2015,-5.3
PN,RAIN_ANOM,2016,6.4
PN,RAIN_ANOM,2017,-3.5
PN,RAIN_ANOM,2018,-10.5
PN,RAIN_ANOM,2019,23.9
PN,RAIN_ANOM,2020,-12.3
PN,RAIN_ANOM,2021,-12.2
PN,RAIN_ANOM,2022,-10.9
PN,RAIN_ANOM,2023,0.6
VU,RAIN_ANOM,1993,-24.3
VU,RAIN_ANOM,1994,-11.7
VU,RAIN_ANOM,1995,-18.3
VU,RAIN_ANOM,1996,4.5
VU,RAIN_ANOM,1997,-16.9
VU,RAIN_ANOM,1998,0.9
VU,RAIN_ANOM,1999,22.6
VU,RAIN_ANOM,2000,23.6
VU,RAIN_ANOM,2001,1.8
VU,RAIN_ANOM,2002,8.6
VU,RAIN_ANOM,2003,-7.6
VU,RAIN_ANOM,2004,-13.6
VU,RAIN_ANOM,2005,-3.5
VU,RAIN_ANOM,2006,-7.3
VU,RAIN_ANOM,2007,7.2
VU,RAIN_ANOM,2008,7.4
VU,RAIN_ANOM,2009,5.9
VU,RAIN_ANOM,2010,1.1
VU,RAIN_ANOM,2011,17.7
VU,RAIN_ANOM,2012,17.7
VU,RAIN_ANOM,2013,9
VU,RAIN_ANOM,2014,0.4
VU,RAIN_ANOM,2015,-3.4
VU,RAIN_ANOM,2016,-13.3
VU,RAIN_ANOM,2017,1.7
VU,RAIN_ANOM,2018,-0.3
VU,RAIN_ANOM,2019,-2.4
VU,RAIN_ANOM,2020,14.1
VU,RAIN_ANOM,2021,11.9
VU,RAIN_ANOM,2022,33.7
VU,RAIN_ANOM,2023,8.7
TV,SST_ANOM,1993,0.1
TV,SST_ANOM,1994,0.3
TV,SST_ANOM,1995,0.4
TV,SST_ANOM,1996,0.1
TV,SST_ANOM,1997,0.2
TV,SST_ANOM,1998,-0.2
TV,SST_ANOM,1999,-0.3
TV,SST_ANOM,2000,-0.1
TV,SST_ANOM,2001,0.2
TV,SST_ANOM,2002,0.5
TV,SST_ANOM,2003,0.6
TV,SST_ANOM,2004,0.6
TV,SST_ANOM,2005,0.5
TV,SST_ANOM,2006,0.4
TV,SST_ANOM,2007,0.4
TV,SST_ANOM,2008,-0.2
TV,SST_ANOM,2009,0.4
TV,SST_ANOM,2010,0.2
TV,SST_ANOM,2011,-0.2
TV,SST_ANOM,2012,0.3
TV,SST_ANOM,2013,0.4
TV,SST_ANOM,2014,0.6
TV,SST_ANOM,2015,0.6
TV,SST_ANOM,2016,0.7
TV,SST_ANOM,2017,0.5
TV,SST_ANOM,2018,0.6
TV,SST_ANOM,2019,0.8
TV,SST_ANOM,2020,0.6
TV,SST_ANOM,2021,0.2
TV,SST_ANOM,2022,-0.1
TV,SST_ANOM,2023,0.6
FJ,SEA_LVL,1993,0
FJ,SEA_LVL,1994,0
FJ,SEA_LVL,1995,0
FJ,SEA_LVL,1996,0
FJ,SEA_LVL,1997,0
FJ,SEA_LVL,1998,0
FJ,SEA_LVL,1999,0
FJ,SEA_LVL,2000,0.1
FJ,SEA_LVL,2001,0
FJ,SEA_LVL,2002,0
FJ,SEA_LVL,2003,0
FJ,SEA_LVL,2004,0
FJ,SEA_LVL,2005,0
FJ,SEA_LVL,2006,0
FJ,SEA_LVL,2007,0
FJ,SEA_LVL,2008,0.1
FJ,SEA_LVL,2009,0.1
FJ,SEA_LVL,2010,0
FJ,SEA_LVL,2011,0.1
FJ,SEA_LVL,2012,0.1
FJ,SEA_LVL,2013,0.1
FJ,SEA_LVL,2014,0
FJ,SEA_LVL,2015,0
FJ,SEA_LVL,2016,0
FJ,SEA_LVL,2017,0.1
FJ,SEA_LVL,2018,0.1
FJ,SEA_LVL,2019,0.1
FJ,SEA_LVL,2020,0.1
FJ,SEA_LVL,2021,0.1
FJ,SEA_LVL,2022,0.2
FJ,SEA_LVL,2023,0.1
GU,RAIN_ANOM,1993,-15
GU,RAIN_ANOM,1994,0.3
GU,RAIN_ANOM,1995,-8.1
GU,RAIN_ANOM,1996,3.7
GU,RAIN_ANOM,1997,16.1
GU,RAIN_ANOM,1998,-27
GU,RAIN_ANOM,1999,-8.6
GU,RAIN_ANOM,2000,-8.2
GU,RAIN_ANOM,2001,-3.9
GU,RAIN_ANOM,2002,8.9
GU,RAIN_ANOM,2003,4.6
GU,RAIN_ANOM,2004,18.3
GU,RAIN_ANOM,2005,4.1
GU,RAIN_ANOM,2006,8.8
GU,RAIN_ANOM,2007,2.5
GU,RAIN_ANOM,2008,-15.5
GU,RAIN_ANOM,2009,11.2
GU,RAIN_ANOM,2010,-13.6
GU,RAIN_ANOM,2011,6.6
GU,RAIN_ANOM,2012,4.8
GU,RAIN_ANOM,2013,-5.5
GU,RAIN_ANOM,2014,5
GU,RAIN_ANOM,2015,15.2
GU,RAIN_ANOM,2016,-8.2
GU,RAIN_ANOM,2017,-0.7
GU,RAIN_ANOM,2018,8.5
GU,RAIN_ANOM,2019,6.2
GU,RAIN_ANOM,2020,-12.4
GU,RAIN_ANOM,2021,-5.4
GU,RAIN_ANOM,2022,-1.3
GU,RAIN_ANOM,2023,15.2
KI,SST_ANOM,1993,0.4
KI,SST_ANOM,1994,0.6
KI,SST_ANOM,1995,0.3
KI,SST_ANOM,1996,-0.2
KI,SST_ANOM,1997,0.6
KI,SST_ANOM,1998,-0.1
KI,SST_ANOM,1999,-0.8
KI,SST_ANOM,2000,-0.7
KI,SST_ANOM,2001,0
KI,SST_ANOM,2002,0.7
KI,SST_ANOM,2003,0.6
KI,SST_ANOM,2004,0.6
KI,SST_ANOM,2005,0.4
KI,SST_ANOM,2006,0.4
KI,SST_ANOM,2007,0.1
KI,SST_ANOM,2008,-0.6
KI,SST_ANOM,2009,0.4
KI,SST_ANOM,2010,-0.1
KI,SST_ANOM,2011,-0.7
KI,SST_ANOM,2012,0
KI,SST_ANOM,2013,0.1
KI,SST_ANOM,2014,0.5
KI,SST_ANOM,2015,1.1
KI,SST_ANOM,2016,0.7
KI,SST_ANOM,2017,0.2
KI,SST_ANOM,2018,0.4
KI,SST_ANOM,2019,0.8
KI,SST_ANOM,2020,0.2
KI,SST_ANOM,2021,-0.3
KI,SST_ANOM,2022,-0.6
KI,SST_ANOM,2023,0.7
PF,RAIN_ANOM,1993,-0.6
PF,RAIN_ANOM,1994,1.6
PF,RAIN_ANOM,1995,7.8
PF,RAIN_ANOM,1996,-5.2
PF,RAIN_ANOM,1997,2.3
PF,RAIN_ANOM,1998,20
PF,RAIN_ANOM,1999,-9.3
PF,RAIN_ANOM,2000,-2
PF,RAIN_ANOM,2001,4.3
PF,RAIN_ANOM,2002,-7
PF,RAIN_ANOM,2003,6.8
PF,RAIN_ANOM,2004,5.4
PF,RAIN_ANOM,2005,-2.9
PF,RAIN_ANOM,2006,-2.3
PF,RAIN_ANOM,2007,3.1
PF,RAIN_ANOM,2008,-14.6
PF,RAIN_ANOM,2009,-5.2
PF,RAIN_ANOM,2010,1.9
PF,RAIN_ANOM,2011,-20.4
PF,RAIN_ANOM,2012,-1.5
PF,RAIN_ANOM,2013,1.5
PF,RAIN_ANOM,2014,8.5
PF,RAIN_ANOM,2015,-7.2
PF,RAIN_ANOM,2016,9.7
PF,RAIN_ANOM,2017,1.1
PF,RAIN_ANOM,2018,-5.2
PF,RAIN_ANOM,2019,14.6
PF,RAIN_ANOM,2020,-6.5
PF,RAIN_ANOM,2021,-14.9
PF,RAIN_ANOM,2022,-9.6
PF,RAIN_ANOM,2023,-1.3
NR,SST_ANOM,1993,0.1
NR,SST_ANOM,1994,0.3
NR,SST_ANOM,1995,0.4
NR,SST_ANOM,1996,0.1
NR,SST_ANOM,1997,0.2
NR,SST_ANOM,1998,-0.4
NR,SST_ANOM,1999,-0.5
NR,SST_ANOM,2000,-0.4
NR,SST_ANOM,2001,0.2
NR,SST_ANOM,2002,0.6
NR,SST_ANOM,2003,0.7
NR,SST_ANOM,2004,0.7
NR,SST_ANOM,2005,0.7
NR,SST_ANOM,2006,0.5
NR,SST_ANOM,2007,0.4
NR,SST_ANOM,2008,-0.4
NR,SST_ANOM,2009,0.4
NR,SST_ANOM,2010,0
NR,SST_ANOM,2011,-0.3
NR,SST_ANOM,2012,0.1
NR,SST_ANOM,2013,0.3
NR,SST_ANOM,2014,0.8
NR,SST_ANOM,2015,0.7
NR,SST_ANOM,2016,0.6
NR,SST_ANOM,2017,0.5
NR,SST_ANOM,2018,0.8
NR,SST_ANOM,2019,0.9
NR,SST_ANOM,2020,0.6
NR,SST_ANOM,2021,0.1
NR,SST_ANOM,2022,-0.2
NR,SST_ANOM,2023,0.7
TO,RAIN_ANOM,1993,0.1
TO,RAIN_ANOM,1994,-16.1
TO,RAIN_ANOM,1995,-3.2
TO,RAIN_ANOM,1996,-4.2
TO,RAIN_ANOM,1997,-3.4
TO,RAIN_ANOM,1998,-21.8
TO,RAIN_ANOM,1999,12.7
TO,RAIN_ANOM,2000,3.9
TO,RAIN_ANOM,2001,-8
TO,RAIN_ANOM,2002,-5.3
TO,RAIN_ANOM,2003,-17
TO,RAIN_ANOM,2004,-3.5
TO,RAIN_ANOM,2005,4.9
TO,RAIN_ANOM,2006,3.5
TO,RAIN_ANOM,2007,7.6
TO,RAIN_ANOM,2008,3.5
TO,RAIN_ANOM,2009,1.3
TO,RAIN_ANOM,2010,-2.8
TO,RAIN_ANOM,2011,5.3
TO,RAIN_ANOM,2012,8.1
TO,RAIN_ANOM,2013,8.5
TO,RAIN_ANOM,2014,1.1
TO,RAIN_ANOM,2015,-21.5
TO,RAIN_ANOM,2016,-4.3
TO,RAIN_ANOM,2017,16.9
TO,RAIN_ANOM,2018,7.8
TO,RAIN_ANOM,2019,37
TO,RAIN_ANOM,2020,7.3
TO,RAIN_ANOM,2021,3.2
TO,RAIN_ANOM,2022,1.4
TO,RAIN_ANOM,2023,-10.9
NC,RAIN_ANOM,1993,-10.2
NC,RAIN_ANOM,1994,-12.7
NC,RAIN_ANOM,1995,-0.5
NC,RAIN_ANOM,1996,23.4
NC,RAIN_ANOM,1997,-0.9
NC,RAIN_ANOM,1998,11.3
NC,RAIN_ANOM,1999,34.2
NC,RAIN_ANOM,2000,9.9
NC,RAIN_ANOM,2001,2
NC,RAIN_ANOM,2002,8.4
NC,RAIN_ANOM,2003,0.7
NC,RAIN_ANOM,2004,-4
NC,RAIN_ANOM,2005,1.1
NC,RAIN_ANOM,2006,1.8
NC,RAIN_ANOM,2007,5.3
NC,RAIN_ANOM,2008,32.4
NC,RAIN_ANOM,2009,9.7
NC,RAIN_ANOM,2010,-10.8
NC,RAIN_ANOM,2011,3.1
NC,RAIN_ANOM,2012,-4.1
NC,RAIN_ANOM,2013,-6.1
NC,RAIN_ANOM,2014,-12.8
NC,RAIN_ANOM,2015,-12.3
NC,RAIN_ANOM,2016,-16
NC,RAIN_ANOM,2017,-18.5
NC,RAIN_ANOM,2018,-9.6
NC,RAIN_ANOM,2019,-15.3
NC,RAIN_ANOM,2020,-8.3
NC,RAIN_ANOM,2021,3.5
NC,RAIN_ANOM,2022,14.5
NC,RAIN_ANOM,2023,-8.5
CK,SST_ANOM,1993,0.1
CK,SST_ANOM,1994,0.2
CK,SST_ANOM,1995,0.3
CK,SST_ANOM,1996,0.1
CK,SST_ANOM,1997,0
CK,SST_ANOM,1998,0
CK,SST_ANOM,1999,0.1
CK,SST_ANOM,2000,0.2
CK,SST_ANOM,2001,0.2
CK,SST_ANOM,2002,0.4
CK,SST_ANOM,2003,0.5
CK,SST_ANOM,2004,0.6
CK,SST_ANOM,2005,0.5
CK,SST_ANOM,2006,0.5
CK,SST_ANOM,2007,0.5
CK,SST_ANOM,2008,0.1
CK,SST_ANOM,2009,0.5
CK,SST_ANOM,2010,0.6
CK,SST_ANOM,2011,0.1
CK,SST_ANOM,2012,0.3
CK,SST_ANOM,2013,0.5
CK,SST_ANOM,2014,0.5
CK,SST_ANOM,2015,0.4
CK,SST_ANOM,2016,0.6
CK,SST_ANOM,2017,0.6
CK,SST_ANOM,2018,0.4
CK,SST_ANOM,2019,0.7
CK,SST_ANOM,2020,0.6
CK,SST_ANOM,2021,0.4
CK,SST_ANOM,2022,0.2
CK,SST_ANOM,2023,0.5
SB,SEA_LVL,1993,-0.1
SB,SEA_LVL,1994,0
SB,SEA_LVL,1995,0
SB,SEA_LVL,1996,0.1
SB,SEA_LVL,1997,0
SB,SEA_LVL,1998,-0.1
SB,SEA_LVL,1999,0
SB,SEA_LVL,2000,0.1
SB,SEA_LVL,2001,0.1
SB,SEA_LVL,2002,0
SB,SEA_LVL,2003,0
SB,SEA_LVL,2004,0
SB,SEA_LVL,2005,0
SB,SEA_LVL,2006,0
SB,SEA_LVL,2007,0.1
SB,SEA_LVL,2008,0.1
SB,SEA_LVL,2009,0.1
SB,SEA_LVL,2010,0
SB,SEA_LVL,2011,0.1
SB,SEA_LVL,2012,0.1
SB,SEA_LVL,2013,0.1
SB,SEA_LVL,2014,0.1
SB,SEA_LVL,2015,0
SB,SEA_LVL,2016,0
SB,SEA_LVL,2017,0.1
SB,SEA_LVL,2018,0.1
SB,SEA_LVL,2019,0.1
SB,SEA_LVL,2020,0.1
SB,SEA_LVL,2021,0.2
SB,SEA_LVL,2022,0.2
SB,SEA_LVL,2023,0.1
FM,RAIN_ANOM,1993,18.7
FM,RAIN_ANOM,1994,-9.8
FM,RAIN_ANOM,1995,-12.3
FM,RAIN_ANOM,1996,-1.8
FM,RAIN_ANOM,1997,-13.2
FM,RAIN_ANOM,1998,-39.4
FM,RAIN_ANOM,1999,15.2
FM,RAIN_ANOM,2000,8.8
FM,RAIN_ANOM,2001,0.9
FM,RAIN_ANOM,2002,6.2
FM,RAIN_ANOM,2003,-3.1
FM,RAIN_ANOM,2004,8.6
FM,RAIN_ANOM,2005,9.1
FM,RAIN_ANOM,2006,4.8
FM,RAIN_ANOM,2007,0.9
FM,RAIN_ANOM,2008,-1.8
FM,RAIN_ANOM,2009,8.9
FM,RAIN_ANOM,2010,-7.8
FM,RAIN_ANOM,2011,16.9
FM,RAIN_ANOM,2012,1
FM,RAIN_ANOM,2013,-2.4
FM,RAIN_ANOM,2014,14.9
FM,RAIN_ANOM,2015,-11.8
FM,RAIN_ANOM,2016,-12.3
FM,RAIN_ANOM,2017,5
FM,RAIN_ANOM,2018,-0.4
FM,RAIN_ANOM,2019,34.7
FM,RAIN_ANOM,2020,5.6
FM,RAIN_ANOM,2021,20.1
FM,RAIN_ANOM,2022,4.6
FM,RAIN_ANOM,2023,23.4
NR,SEA_LVL,1993,0
NR,SEA_LVL,1994,0
NR,SEA_LVL,1995,0
NR,SEA_LVL,1996,0
NR,SEA_LVL,1997,0
NR,SEA_LVL,1998,-0.1
NR,SEA_LVL,1999,0
NR,SEA_LVL,2000,0
NR,SEA_LVL,2001,0
NR,SEA_LVL,2002,0
NR,SEA_LVL,2003,0
NR,SEA_LVL,2004,0.1
NR,SEA_LVL,2005,0.1
NR,SEA_LVL,2006,0.1
NR,SEA_LVL,2007,0
NR,SEA_LVL,2008,0
NR,SEA_LVL,2009,0.1
NR,SEA_LVL,2010,0
NR,SEA_LVL,2011,0.1
NR,SEA_LVL,2012,0.1
NR,SEA_LVL,2013,0.1
NR,SEA_LVL,2014,0.1
NR,SEA_LVL,2015,0.1
NR,SEA_LVL,2016,0
NR,SEA_LVL,2017,0.1
NR,SEA_LVL,2018,0.1
NR,SEA_LVL,2019,0.1
NR,SEA_LVL,2020,0.1
NR,SEA_LVL,2021,0.1
NR,SEA_LVL,2022,0.1
NR,SEA_LVL,2023,0.1
CK,SEA_LVL,1993,0
CK,SEA_LVL,1994,0
CK,SEA_LVL,1995,0
CK,SEA_LVL,1996,0
CK,SEA_LVL,1997,0
CK,SEA_LVL,1998,-0.1
CK,SEA_LVL,1999,0
CK,SEA_LVL,2000,0
CK,SEA_LVL,2001,0
CK,SEA_LVL,2002,0
CK,SEA_LVL,2003,0
CK,SEA_LVL,2004,0
CK,SEA_LVL,2005,0
CK,SEA_LVL,2006,0.1
CK,SEA_LVL,2007,0.1
CK,SEA_LVL,2008,0
CK,SEA_LVL,2009,0
CK,SEA_LVL,2010,0
CK,SEA_LVL,2011,0.1
CK,SEA_LVL,2012,0
CK,SEA_LVL,2013,0
CK,SEA_LVL,2014,0.1
CK,SEA_LVL,2015,0.1
CK,SEA_LVL,2016,0.1
CK,SEA_LVL,2017,0.1
CK,SEA_LVL,2018,0.1
CK,SEA_LVL,2019,0.1
CK,SEA_LVL,2020,0.1
CK,SEA_LVL,2021,0.1
CK,SEA_LVL,2022,0.1
CK,SEA_LVL,2023,0.1
TK,SEA_LVL,1993,0
TK,SEA_LVL,1994,0
TK,SEA_LVL,1995,0.1
TK,SEA_LVL,1996,0
TK,SEA_LVL,1997,0
TK,SEA_LVL,1998,-0.1
TK,SEA_LVL,1999,0
TK,SEA_LVL,2000,0
TK,SEA_LVL,2001,0
TK,SEA_LVL,2002,0.1
TK,SEA_LVL,2003,0.1
TK,SEA_LVL,2004,0.1
TK,SEA_LVL,2005,0.1
TK,SEA_LVL,2006,0
TK,SEA_LVL,2007,0.1
TK,SEA_LVL,2008,0
TK,SEA_LVL,2009,0
TK,SEA_LVL,2010,0
TK,SEA_LVL,2011,0
TK,SEA_LVL,2012,0
TK,SEA_LVL,2013,0.1
TK,SEA_LVL,2014,0.1
TK,SEA_LVL,2015,0.1
TK,SEA_LVL,2016,0
TK,SEA_LVL,2017,0.1
TK,SEA_LVL,2018,0.1
TK,SEA_LVL,2019,0.1
TK,SEA_LVL,2020,0.1
TK,SEA_LVL,2021,0.1
TK,SEA_LVL,2022,0.1
TK,SEA_LVL,2023,0.1
NU,RAIN_ANOM,1993,-8.5
NU,RAIN_ANOM,1994,-7.6
NU,RAIN_ANOM,1995,-3
NU,RAIN_ANOM,1996,5.3
NU,RAIN_ANOM,1997,-23
NU,RAIN_ANOM,1998,-23.5
NU,RAIN_ANOM,1999,5.5
NU,RAIN_ANOM,2000,0.8
NU,RAIN_ANOM,2001,-7.9
NU,RAIN_ANOM,2002,-18.7
NU,RAIN_ANOM,2003,-6.6
NU,RAIN_ANOM,2004,-5.4
NU,RAIN_ANOM,2005,14.8
NU,RAIN_ANOM,2006,16.5
NU,RAIN_ANOM,2007,18.5
NU,RAIN_ANOM,2008,19.7
NU,RAIN_ANOM,2009,-1.6
NU,RAIN_ANOM,2010,4.1
NU,RAIN_ANOM,2011,-0.7
NU,RAIN_ANOM,2012,6.7
NU,RAIN_ANOM,2013,-1
NU,RAIN_ANOM,2014,-11
NU,RAIN_ANOM,2015,-10.4
NU,RAIN_ANOM,2016,2
NU,RAIN_ANOM,2017,13.6
NU,RAIN_ANOM,2018,7.2
NU,RAIN_ANOM,2019,20.7
NU,RAIN_ANOM,2020,12.7
NU,RAIN_ANOM,2021,-5.1
NU,RAIN_ANOM,2022,-1.8
NU,RAIN_ANOM,2023,5
MP,SST_ANOM,1993,-0.3
MP,SST_ANOM,1994,-0.1
MP,SST_ANOM,1995,0
MP,SST_ANOM,1996,0.1
MP,SST_ANOM,1997,0
MP,SST_ANOM,1998,0.4
MP,SST_ANOM,1999,0.7
MP,SST_ANOM,2000,0.4
MP,SST_ANOM,2001,0.6
MP,SST_ANOM,2002,0.3
MP,SST_ANOM,2003,0.3
MP,SST_ANOM,2004,0.1
MP,SST_ANOM,2005,0.2
MP,SST_ANOM,2006,0.1
MP,SST_ANOM,2007,0.4
MP,SST_ANOM,2008,0.6
MP,SST_ANOM,2009,0.4
MP,SST_ANOM,2010,0.2
MP,SST_ANOM,2011,0.2
MP,SST_ANOM,2012,0.2
MP,SST_ANOM,2013,0.4
MP,SST_ANOM,2014,0.3
MP,SST_ANOM,2015,0.2
MP,SST_ANOM,2016,0.6
MP,SST_ANOM,2017,0.8
MP,SST_ANOM,2018,0.7
MP,SST_ANOM,2019,0.7
MP,SST_ANOM,2020,0.8
MP,SST_ANOM,2021,0.8
MP,SST_ANOM,2022,0.7
MP,SST_ANOM,2023,0.5
PG,RAIN_ANOM,1993,-18.7
PG,RAIN_ANOM,1994,-10.2
PG,RAIN_ANOM,1995,5
PG,RAIN_ANOM,1996,-2.8
PG,RAIN_ANOM,1997,-26.7
PG,RAIN_ANOM,1998,12.3
PG,RAIN_ANOM,1999,7.4
PG,RAIN_ANOM,2000,5.5
PG,RAIN_ANOM,2001,6
PG,RAIN_ANOM,2002,-5.4
PG,RAIN_ANOM,2003,1.2
PG,RAIN_ANOM,2004,-9.2
PG,RAIN_ANOM,2005,5.2
PG,RAIN_ANOM,2006,1.3
PG,RAIN_ANOM,2007,4.9
PG,RAIN_ANOM,2008,9.6
PG,RAIN_ANOM,2009,5.3
PG,RAIN_ANOM,2010,10.1
PG,RAIN_ANOM,2011,5.2
PG,RAIN_ANOM,2012,7.6
PG,RAIN_ANOM,2013,6.8
PG,RAIN_ANOM,2014,-2.1
PG,RAIN_ANOM,2015,-20.2
PG,RAIN_ANOM,2016,1.2
PG,RAIN_ANOM,2017,7
PG,RAIN_ANOM,2018,-3.4
PG,RAIN_ANOM,2019,22
PG,RAIN_ANOM,2020,-2.4
PG,RAIN_ANOM,2021,3.2
PG,RAIN_ANOM,2022,-6.4
PG,RAIN_ANOM,2023,0.2
PW,RAIN_ANOM,1993,5.2
PW,RAIN_ANOM,1994,3.3
PW,RAIN_ANOM,1995,3.3
PW,RAIN_ANOM,1996,2.7
PW,RAIN_ANOM,1997,-25.4
PW,RAIN_ANOM,1998,-22.5
PW,RAIN_ANOM,1999,17.2
PW,RAIN_ANOM,2000,19.8
PW,RAIN_ANOM,2001,13.6
PW,RAIN_ANOM,2002,-11.7
PW,RAIN_ANOM,2003,-1.2
PW,RAIN_ANOM,2004,-6.6
PW,RAIN_ANOM,2005,7.6
PW,RAIN_ANOM,2006,1.5
PW,RAIN_ANOM,2007,-8.8
PW,RAIN_ANOM,2008,-1.1
PW,RAIN_ANOM,2009,20.5
PW,RAIN_ANOM,2010,-20.3
PW,RAIN_ANOM,2011,31.6
PW,RAIN_ANOM,2012,13.5
PW,RAIN_ANOM,2013,0.6
PW,RAIN_ANOM,2014,21.1
PW,RAIN_ANOM,2015,-25
PW,RAIN_ANOM,2016,-6.3
PW,RAIN_ANOM,2017,15.6
PW,RAIN_ANOM,2018,-8.4
PW,RAIN_ANOM,2019,-9.1
PW,RAIN_ANOM,2020,1
PW,RAIN_ANOM,2021,15.3
PW,RAIN_ANOM,2022,9.3
PW,RAIN_ANOM,2023,7.9
MP,SEA_LVL,1993,0
MP,SEA_LVL,1994,0
MP,SEA_LVL,1995,0
MP,SEA_LVL,1996,0
MP,SEA_LVL,1997,0
MP,SEA_LVL,1998,0
MP,SEA_LVL,1999,0
MP,SEA_LVL,2000,0
MP,SEA_LVL,2001,0
MP,SEA_LVL,2002,0
MP,SEA_LVL,2003,0
MP,SEA_LVL,2004,0
MP,SEA_LVL,2005,0.1
MP,SEA_LVL,2006,0
MP,SEA_LVL,2007,0.1
MP,SEA_LVL,2008,0.1
MP,SEA_LVL,2009,0
MP,SEA_LVL,2010,0
MP,SEA_LVL,2011,0
MP,SEA_LVL,2012,0
MP,SEA_LVL,2013,0.1
MP,SEA_LVL,2014,0
MP,SEA_LVL,2015,0
MP,SEA_LVL,2016,0
MP,SEA_LVL,2017,0.1
MP,SEA_LVL,2018,0.1
MP,SEA_LVL,2019,0.1
MP,SEA_LVL,2020,0.1
MP,SEA_LVL,2021,0.1
MP,SEA_LVL,2022,0.1
MP,SEA_LVL,2023,0.1
PF,SEA_LVL,1993,0
PF,SEA_LVL,1994,0
PF,SEA_LVL,1995,0
PF,SEA_LVL,1996,0
PF,SEA_LVL,1997,0
PF,SEA_LVL,1998,0
PF,SEA_LVL,1999,0
PF,SEA_LVL,2000,0
PF,SEA_LVL,2001,0
PF,SEA_LVL,2002,0
PF,SEA_LVL,2003,0
PF,SEA_LVL,2004,0
PF,SEA_LVL,2005,0
PF,SEA_LVL,2006,0.1
PF,SEA_LVL,2007,0
PF,SEA_LVL,2008,0
PF,SEA_LVL,2009,0
PF,SEA_LVL,2010,0
PF,SEA_LVL,2011,0
PF,SEA_LVL,2012,0
PF,SEA_LVL,2013,0
PF,SEA_LVL,2014,0.1
PF,SEA_LVL,2015,0.1
PF,SEA_LVL,2016,0.1
PF,SEA_LVL,2017,0.1
PF,SEA_LVL,2018,0.1
PF,SEA_LVL,2019,0.1
PF,SEA_LVL,2020,0.1
PF,SEA_LVL,2021,0.1
PF,SEA_LVL,2022,0.1
PF,SEA_LVL,2023,0.1
WF,SEA_LVL,1993,0
WF,SEA_LVL,1994,0
WF,SEA_LVL,1995,0
WF,SEA_LVL,1996,0.1
WF,SEA_LVL,1997,0
WF,SEA_LVL,1998,-0.2
WF,SEA_LVL,1999,0
WF,SEA_LVL,2000,0
WF,SEA_LVL,2001,0.1
WF,SEA_LVL,2002,0
WF,SEA_LVL,2003,0
WF,SEA_LVL,2004,0
WF,SEA_LVL,2005,0
WF,SEA_LVL,2006,0.1
WF,SEA_LVL,2007,0.1
WF,SEA_LVL,2008,0.1
WF,SEA_LVL,2009,0.1
WF,SEA_LVL,2010,0
WF,SEA_LVL,2011,0.1
WF,SEA_LVL,2012,0.1
WF,SEA_LVL,2013,0
WF,SEA_LVL,2014,0
WF,SEA_LVL,2015,0
WF,SEA_LVL,2016,0
WF,SEA_LVL,2017,0.1
WF,SEA_LVL,2018,0.1
WF,SEA_LVL,2019,0.1
WF,SEA_LVL,2020,0.1
WF,SEA_LVL,2021,0.2
WF,SEA_LVL,2022,0.1
WF,SEA_LVL,2023,0.1
FJ,SST_ANOM,1993,-0.4
FJ,SST_ANOM,1994,-0.4
FJ,SST_ANOM,1995,0.1
FJ,SST_ANOM,1996,0.2
FJ,SST_ANOM,1997,-0.2
FJ,SST_ANOM,1998,0.1
FJ,SST_ANOM,1999,0.3
FJ,SST_ANOM,2000,0.4
FJ,SST_ANOM,2001,0.3
FJ,SST_ANOM,2002,0.3
FJ,SST_ANOM,2003,0.2
FJ,SST_ANOM,2004,0.2
FJ,SST_ANOM,2005,0.3
FJ,SST_ANOM,2006,0.2
FJ,SST_ANOM,2007,0.4
FJ,SST_ANOM,2008,0.5
FJ,SST_ANOM,2009,0.2
FJ,SST_ANOM,2010,0.4
FJ,SST_ANOM,2011,0.6
FJ,SST_ANOM,2012,0.3
FJ,SST_ANOM,2013,0.5
FJ,SST_ANOM,2014,0.4
FJ,SST_ANOM,2015,-0.1
FJ,SST_ANOM,2016,0.5
FJ,SST_ANOM,2017,0.5
FJ,SST_ANOM,2018,0.4
FJ,SST_ANOM,2019,0.4
FJ,SST_ANOM,2020,0.5
FJ,SST_ANOM,2021,0.7
FJ,SST_ANOM,2022,1.1
FJ,SST_ANOM,2023,0.5
MH,SST_ANOM,1993,-0.2
MH,SST_ANOM,1994,0.1
MH,SST_ANOM,1995,0.2
MH,SST_ANOM,1996,0.3
MH,SST_ANOM,1997,0.1
MH,SST_ANOM,1998,-0.3
MH,SST_ANOM,1999,-0.1
MH,SST_ANOM,2000,0.1
MH,SST_ANOM,2001,0.3
MH,SST_ANOM,2002,0.4
MH,SST_ANOM,2003,0.5
MH,SST_ANOM,2004,0.6
MH,SST_ANOM,2005,0.5
MH,SST_ANOM,2006,0.4
MH,SST_ANOM,2007,0.4
MH,SST_ANOM,2008,0
MH,SST_ANOM,2009,0.4
MH,SST_ANOM,2010,0
MH,SST_ANOM,2011,0.3
MH,SST_ANOM,2012,0.3
MH,SST_ANOM,2013,0.4
MH,SST_ANOM,2014,0.7
MH,SST_ANOM,2015,0.5
MH,SST_ANOM,2016,0.4
MH,SST_ANOM,2017,0.6
MH,SST_ANOM,2018,0.6
MH,SST_ANOM,2019,0.6
MH,SST_ANOM,2020,0.5
MH,SST_ANOM,2021,0.4
MH,SST_ANOM,2022,0.3
MH,SST_ANOM,2023,0.6
WS,RAIN_ANOM,1993,3.3
WS,RAIN_ANOM,1994,3.9
WS,RAIN_ANOM,1995,3
WS,RAIN_ANOM,1996,-6.7
WS,RAIN_ANOM,1997,1.1
WS,RAIN_ANOM,1998,-21.2
WS,RAIN_ANOM,1999,0
WS,RAIN_ANOM,2000,-2.8
WS,RAIN_ANOM,2001,1.2
WS,RAIN_ANOM,2002,-2.4
WS,RAIN_ANOM,2003,-5.6
WS,RAIN_ANOM,2004,-7
WS,RAIN_ANOM,2005,-5.1
WS,RAIN_ANOM,2006,14.9
WS,RAIN_ANOM,2007,6.3
WS,RAIN_ANOM,2008,-11.1
WS,RAIN_ANOM,2009,-9.4
WS,RAIN_ANOM,2010,-1.9
WS,RAIN_ANOM,2011,-11.1
WS,RAIN_ANOM,2012,-6.9
WS,RAIN_ANOM,2013,7.6
WS,RAIN_ANOM,2014,0
WS,RAIN_ANOM,2015,0.7
WS,RAIN_ANOM,2016,0.3
WS,RAIN_ANOM,2017,12.6
WS,RAIN_ANOM,2018,1.3
WS,RAIN_ANOM,2019,20.4
WS,RAIN_ANOM,2020,27.3
WS,RAIN_ANOM,2021,-18.1
WS,RAIN_ANOM,2022,-20.7
WS,RAIN_ANOM,2023,-3.2
AS,RAIN_ANOM,1993,2.1
AS,RAIN_ANOM,1994,6.7
AS,RAIN_ANOM,1995,8.6
AS,RAIN_ANOM,1996,-5.2
AS,RAIN_ANOM,1997,0.8
AS,RAIN_ANOM,1998,-18.9
AS,RAIN_ANOM,1999,-4.6
AS,RAIN_ANOM,2000,-8.3
AS,RAIN_ANOM,2001,0.6
AS,RAIN_ANOM,2002,-6.9
AS,RAIN_ANOM,2003,2.5
AS,RAIN_ANOM,2004,-7
AS,RAIN_ANOM,2005,-0.3
AS,RAIN_ANOM,2006,11.3
AS,RAIN_ANOM,2007,10.7
AS,RAIN_ANOM,2008,-10.9
AS,RAIN_ANOM,2009,-11.1
AS,RAIN_ANOM,2010,1.6
AS,RAIN_ANOM,2011,-11.2
AS,RAIN_ANOM,2012,-7.9
AS,RAIN_ANOM,2013,4.9
AS,RAIN_ANOM,2014,1
AS,RAIN_ANOM,2015,5.7
AS,RAIN_ANOM,2016,5.2
AS,RAIN_ANOM,2017,8.2
AS,RAIN_ANOM,2018,0.8
AS,RAIN_ANOM,2019,21.2
AS,RAIN_ANOM,2020,20.8
AS,RAIN_ANOM,2021,-24.7
AS,RAIN_ANOM,2022,-22.5
AS,RAIN_ANOM,2023,-3.2
WF,SST_ANOM,1993,0
WF,SST_ANOM,1994,0.2
WF,SST_ANOM,1995,0.3
WF,SST_ANOM,1996,0.1
WF,SST_ANOM,1997,-0.1
WF,SST_ANOM,1998,-0.2
WF,SST_ANOM,1999,0.1
WF,SST_ANOM,2000,0.3
WF,SST_ANOM,2001,0.3
WF,SST_ANOM,2002,0.4
WF,SST_ANOM,2003,0.5
WF,SST_ANOM,2004,0.5
WF,SST_ANOM,2005,0.5
WF,SST_ANOM,2006,0.4
WF,SST_ANOM,2007,0.5
WF,SST_ANOM,2008,0.2
WF,SST_ANOM,2009,0.4
WF,SST_ANOM,2010,0.4
WF,SST_ANOM,2011,0.2
WF,SST_ANOM,2012,0.4
WF,SST_ANOM,2013,0.5
WF,SST_ANOM,2014,0.6
WF,SST_ANOM,2015,0.4
WF,SST_ANOM,2016,0.6
WF,SST_ANOM,2017,0.6
WF,SST_ANOM,2018,0.5
WF,SST_ANOM,2019,0.7
WF,SST_ANOM,2020,0.6
WF,SST_ANOM,2021,0.4
WF,SST_ANOM,2022,0.4
WF,SST_ANOM,2023,0.6
TK,SST_ANOM,1993,0.3
TK,SST_ANOM,1994,0.5
TK,SST_ANOM,1995,0.4
TK,SST_ANOM,1996,0
TK,SST_ANOM,1997,0.2
TK,SST_ANOM,1998,-0.1
TK,SST_ANOM,1999,-0.4
TK,SST_ANOM,2000,-0.3
TK,SST_ANOM,2001,0.1
TK,SST_ANOM,2002,0.5
TK,SST_ANOM,2003,0.6
TK,SST_ANOM,2004,0.5
TK,SST_ANOM,2005,0.4
TK,SST_ANOM,2006,0.4
TK,SST_ANOM,2007,0.3
TK,SST_ANOM,2008,-0.3
TK,SST_ANOM,2009,0.5
TK,SST_ANOM,2010,0.2
TK,SST_ANOM,2011,-0.4
TK,SST_ANOM,2012,0.2
TK,SST_ANOM,2013,0.3
TK,SST_ANOM,2014,0.5
TK,SST_ANOM,2015,0.8
TK,SST_ANOM,2016,0.7
TK,SST_ANOM,2017,0.5
TK,SST_ANOM,2018,0.5
TK,SST_ANOM,2019,0.8
TK,SST_ANOM,2020,0.5
TK,SST_ANOM,2021,0
TK,SST_ANOM,2022,-0.2
TK,SST_ANOM,2023,0.6
MH,SEA_LVL,1993,0
MH,SEA_LVL,1994,0
MH,SEA_LVL,1995,0
MH,SEA_LVL,1996,0
MH,SEA_LVL,1997,-0.1
MH,SEA_LVL,1998,0
MH,SEA_LVL,1999,0
MH,SEA_LVL,2000,0
MH,SEA_LVL,2001,0
MH,SEA_LVL,2002,0
MH,SEA_LVL,2003,0
MH,SEA_LVL,2004,0
MH,SEA_LVL,2005,0.1
MH,SEA_LVL,2006,0
MH,SEA_LVL,2007,0.1
MH,SEA_LVL,2008,0.1
MH,SEA_LVL,2009,0
MH,SEA_LVL,2010,0.1
MH,SEA_LVL,2011,0.1
MH,SEA_LVL,2012,0.1
MH,SEA_LVL,2013,0.1
MH,SEA_LVL,2014,0
MH,SEA_LVL,2015,0
MH,SEA_LVL,2016,0
MH,SEA_LVL,2017,0.1
MH,SEA_LVL,2018,0
MH,SEA_LVL,2019,0.1
MH,SEA_LVL,2020,0.1
MH,SEA_LVL,2021,0.1
MH,SEA_LVL,2022,0.1
MH,SEA_LVL,2023,0.1
TV,RAIN_ANOM,1993,24.6
TV,RAIN_ANOM,1994,10.2
TV,RAIN_ANOM,1995,8.5
TV,RAIN_ANOM,1996,-13.2
TV,RAIN_ANOM,1997,21.7
TV,RAIN_ANOM,1998,25.5
TV,RAIN_ANOM,1999,-35.6
TV,RAIN_ANOM,2000,-34.5
TV,RAIN_ANOM,2001,-12.8
TV,RAIN_ANOM,2002,6.8
TV,RAIN_ANOM,2003,7.3
TV,RAIN_ANOM,2004,2.3
TV,RAIN_ANOM,2005,-1.7
TV,RAIN_ANOM,2006,-2.7
TV,RAIN_ANOM,2007,3.7
TV,RAIN_ANOM,2008,-29.7
TV,RAIN_ANOM,2009,-4.3
TV,RAIN_ANOM,2010,-8
TV,RAIN_ANOM,2011,-41.5
TV,RAIN_ANOM,2012,-8
TV,RAIN_ANOM,2013,8.5
TV,RAIN_ANOM,2014,-3.7
TV,RAIN_ANOM,2015,29.4
TV,RAIN_ANOM,2016,5.9
TV,RAIN_ANOM,2017,-1.6
TV,RAIN_ANOM,2018,-9
TV,RAIN_ANOM,2019,37.7
TV,RAIN_ANOM,2020,5.2
TV,RAIN_ANOM,2021,-15.2
TV,RAIN_ANOM,2022,-35.8
TV,RAIN_ANOM,2023,-12
SB,SST_ANOM,1993,-0.5
SB,SST_ANOM,1994,-0.1
SB,SST_ANOM,1995,0.3
SB,SST_ANOM,1996,0.3
SB,SST_ANOM,1997,-0.1
SB,SST_ANOM,1998,0.2
SB,SST_ANOM,1999,0.2
SB,SST_ANOM,2000,0.3
SB,SST_ANOM,2001,0.4
SB,SST_ANOM,2002,0.3
SB,SST_ANOM,2003,0.5
SB,SST_ANOM,2004,0.3
SB,SST_ANOM,2005,0.5
SB,SST_ANOM,2006,0.3
SB,SST_ANOM,2007,0.6
SB,SST_ANOM,2008,0.3
SB,SST_ANOM,2009,0.4
SB,SST_ANOM,2010,0.4
SB,SST_ANOM,2011,0.4
SB,SST_ANOM,2012,0.3
SB,SST_ANOM,2013,0.4
SB,SST_ANOM,2014,0.5
SB,SST_ANOM,2015,0.1
SB,SST_ANOM,2016,0.7
SB,SST_ANOM,2017,0.7
SB,SST_ANOM,2018,0.6
SB,SST_ANOM,2019,0.5
SB,SST_ANOM,2020,0.8
SB,SST_ANOM,2021,0.6
SB,SST_ANOM,2022,0.7
SB,SST_ANOM,2023,0.6
CK,RAIN_ANOM,1993,0.5
CK,RAIN_ANOM,1994,-1.4
CK,RAIN_ANOM,1995,6.7
CK,RAIN_ANOM,1996,2.3
CK,RAIN_ANOM,1997,-4.1
CK,RAIN_ANOM,1998,-5.8
CK,RAIN_ANOM,1999,1.3
CK,RAIN_ANOM,2000,-13.9
CK,RAIN_ANOM,2001,3.6
CK,RAIN_ANOM,2002,-8.3
CK,RAIN_ANOM,2003,12.4
CK,RAIN_ANOM,2004,2
CK,RAIN_ANOM,2005,12.4
CK,RAIN_ANOM,2006,3.5
CK,RAIN_ANOM,2007,4
CK,RAIN_ANOM,2008,-7.3
CK,RAIN_ANOM,2009,-3.8
CK,RAIN_ANOM,2010,0.7
CK,RAIN_ANOM,2011,-14.2
CK,RAIN_ANOM,2012,-1.1
CK,RAIN_ANOM,2013,-3.4
CK,RAIN_ANOM,2014,3.1
CK,RAIN_ANOM,2015,-5.9
CK,RAIN_ANOM,2016,11.1
CK,RAIN_ANOM,2017,-0.6
CK,RAIN_ANOM,2018,1.1
CK,RAIN_ANOM,2019,21.2
CK,RAIN_ANOM,2020,-0.1
CK,RAIN_ANOM,2021,-13.8
CK,RAIN_ANOM,2022,-8.1
CK,RAIN_ANOM,2023,-5.2
FJ,RAIN_ANOM,1993,-4.6
FJ,RAIN_ANOM,1994,-9.7
FJ,RAIN_ANOM,1995,-10.9
FJ,RAIN_ANOM,1996,10.3
FJ,RAIN_ANOM,1997,8.9
FJ,RAIN_ANOM,1998,-24.2
FJ,RAIN_ANOM,1999,19.6
FJ,RAIN_ANOM,2000,21.7
FJ,RAIN_ANOM,2001,-1.8
FJ,RAIN_ANOM,2002,-0.1
FJ,RAIN_ANOM,2003,-17.8
FJ,RAIN_ANOM,2004,-10
FJ,RAIN_ANOM,2005,-5.1
FJ,RAIN_ANOM,2006,-10.9
FJ,RAIN_ANOM,2007,10.9
FJ,RAIN_ANOM,2008,5.4
FJ,RAIN_ANOM,2009,14.4
FJ,RAIN_ANOM,2010,0.2
FJ,RAIN_ANOM,2011,10.5
FJ,RAIN_ANOM,2012,23.9
FJ,RAIN_ANOM,2013,8.1
FJ,RAIN_ANOM,2014,-14.4
FJ,RAIN_ANOM,2015,-21
FJ,RAIN_ANOM,2016,-0.7
FJ,RAIN_ANOM,2017,-2.1
FJ,RAIN_ANOM,2018,1.8
FJ,RAIN_ANOM,2019,19.9
FJ,RAIN_ANOM,2020,2.1
FJ,RAIN_ANOM,2021,8.1
FJ,RAIN_ANOM,2022,12.7
FJ,RAIN_ANOM,2023,-3.3
PF,SST_ANOM,1993,-0.1
PF,SST_ANOM,1994,0.2
PF,SST_ANOM,1995,0.2
PF,SST_ANOM,1996,0
PF,SST_ANOM,1997,0.1
PF,SST_ANOM,1998,0.2
PF,SST_ANOM,1999,0.2
PF,SST_ANOM,2000,0.2
PF,SST_ANOM,2001,0.2
PF,SST_ANOM,2002,0.4
PF,SST_ANOM,2003,0.4
PF,SST_ANOM,2004,0.4
PF,SST_ANOM,2005,0.2
PF,SST_ANOM,2006,0.4
PF,SST_ANOM,2007,0.4
PF,SST_ANOM,2008,0.2
PF,SST_ANOM,2009,0.4
PF,SST_ANOM,2010,0.3
PF,SST_ANOM,2011,0
PF,SST_ANOM,2012,0.3
PF,SST_ANOM,2013,0.2
PF,SST_ANOM,2014,0.1
PF,SST_ANOM,2015,0.2
PF,SST_ANOM,2016,0.7
PF,SST_ANOM,2017,0.5
PF,SST_ANOM,2018,0.3
PF,SST_ANOM,2019,0.4
PF,SST_ANOM,2020,0.5
PF,SST_ANOM,2021,0.4
PF,SST_ANOM,2022,0.1
PF,SST_ANOM,2023,0.5
NR,RAIN_ANOM,1993,53.6
NR,RAIN_ANOM,1994,7.8
NR,RAIN_ANOM,1995,-14.3
NR,RAIN_ANOM,1996,-43.3
NR,RAIN_ANOM,1997,28.9
NR,RAIN_ANOM,1998,-30.2
NR,RAIN_ANOM,1999,-54.4
NR,RAIN_ANOM,2000,-44.2
NR,RAIN_ANOM,2001,-1.4
NR,RAIN_ANOM,2002,46.1
NR,RAIN_ANOM,2003,9.4
NR,RAIN_ANOM,2004,26.4
NR,RAIN_ANOM,2005,10
NR,RAIN_ANOM,2006,-4.1
NR,RAIN_ANOM,2007,-11.8
NR,RAIN_ANOM,2008,-49.1
NR,RAIN_ANOM,2009,3.6
NR,RAIN_ANOM,2010,-6.8
NR,RAIN_ANOM,2011,-42.4
NR,RAIN_ANOM,2012,-9.6
NR,RAIN_ANOM,2013,-17.5
NR,RAIN_ANOM,2014,22.7
NR,RAIN_ANOM,2015,49.5
NR,RAIN_ANOM,2016,-5
NR,RAIN_ANOM,2017,-22.2
NR,RAIN_ANOM,2018,-9.7
NR,RAIN_ANOM,2019,66.6
NR,RAIN_ANOM,2020,-25.3
NR,RAIN_ANOM,2021,-41.1
NR,RAIN_ANOM,2022,-48
NR,RAIN_ANOM,2023,11.1
VU,SEA_LVL,1993,0
VU,SEA_LVL,1994,0
VU,SEA_LVL,1995,0
VU,SEA_LVL,1996,0
VU,SEA_LVL,1997,0
VU,SEA_LVL,1998,0
VU,SEA_LVL,1999,0
VU,SEA_LVL,2000,0
VU,SEA_LVL,2001,0.1
VU,SEA_LVL,2002,0
VU,SEA_LVL,2003,0
VU,SEA_LVL,2004,0
VU,SEA_LVL,2005,0
VU,SEA_LVL,2006,0
VU,SEA_LVL,2007,0
VU,SEA_LVL,2008,0.1
VU,SEA_LVL,2009,0.1
VU,SEA_LVL,2010,0
VU,SEA_LVL,2011,0.1
VU,SEA_LVL,2012,0.1
VU,SEA_LVL,2013,0
VU,SEA_LVL,2014,0
VU,SEA_LVL,2015,0
VU,SEA_LVL,2016,0
VU,SEA_LVL,2017,0.1
VU,SEA_LVL,2018,0.1
VU,SEA_LVL,2019,0.1
VU,SEA_LVL,2020,0.1
VU,SEA_LVL,2021,0.1
VU,SEA_LVL,2022,0.2
VU,SEA_LVL,2023,0.2
TO,SST_ANOM,1993,-0.3
TO,SST_ANOM,1994,-0.3
TO,SST_ANOM,1995,0.2
TO,SST_ANOM,1996,0.3
TO,SST_ANOM,1997,-0.2
TO,SST_ANOM,1998,0
TO,SST_ANOM,1999,0.4
TO,SST_ANOM,2000,0.5
TO,SST_ANOM,2001,0.2
TO,SST_ANOM,2002,0.3
TO,SST_ANOM,2003,0.3
TO,SST_ANOM,2004,0.4
TO,SST_ANOM,2005,0.4
TO,SST_ANOM,2006,0.3
TO,SST_ANOM,2007,0.4
TO,SST_ANOM,2008,0.6
TO,SST_ANOM,2009,0.3
TO,SST_ANOM,2010,0.6
TO,SST_ANOM,2011,0.8
TO,SST_ANOM,2012,0.4
TO,SST_ANOM,2013,0.6
TO,SST_ANOM,2014,0.4
TO,SST_ANOM,2015,-0.1
TO,SST_ANOM,2016,0.4
TO,SST_ANOM,2017,0.6
TO,SST_ANOM,2018,0.5
TO,SST_ANOM,2019,0.5
TO,SST_ANOM,2020,0.7
TO,SST_ANOM,2021,0.8
TO,SST_ANOM,2022,1.1
TO,SST_ANOM,2023,0.5
FM,SEA_LVL,1993,-0.1
FM,SEA_LVL,1994,0
FM,SEA_LVL,1995,0
FM,SEA_LVL,1996,0
FM,SEA_LVL,1997,-0.1
FM,SEA_LVL,1998,0
FM,SEA_LVL,1999,0.1
FM,SEA_LVL,2000,0.1
FM,SEA_LVL,2001,0.1
FM,SEA_LVL,2002,0
FM,SEA_LVL,2003,0
FM,SEA_LVL,2004,0
FM,SEA_LVL,2005,0
FM,SEA_LVL,2006,0
FM,SEA_LVL,2007,0.1
FM,SEA_LVL,2008,0.1
FM,SEA_LVL,2009,0.1
FM,SEA_LVL,2010,0.1
FM,SEA_LVL,2011,0.1
FM,SEA_LVL,2012,0.1
FM,SEA_LVL,2013,0.1
FM,SEA_LVL,2014,0
FM,SEA_LVL,2015,-0.1
FM,SEA_LVL,2016,0.1
FM,SEA_LVL,2017,0.1
FM,SEA_LVL,2018,0.1
FM,SEA_LVL,2019,0.1
FM,SEA_LVL,2020,0.1
FM,SEA_LVL,2021,0.1
FM,SEA_LVL,2022,0.2
FM,SEA_LVL,2023,0.1
VU,SST_ANOM,1993,-0.6
VU,SST_ANOM,1994,-0.5
VU,SST_ANOM,1995,0.1
VU,SST_ANOM,1996,0.2
VU,SST_ANOM,1997,-0.2
VU,SST_ANOM,1998,0.4
VU,SST_ANOM,1999,0.4
VU,SST_ANOM,2000,0.3
VU,SST_ANOM,2001,0.4
VU,SST_ANOM,2002,0.2
VU,SST_ANOM,2003,0.2
VU,SST_ANOM,2004,0.1
VU,SST_ANOM,2005,0.3
VU,SST_ANOM,2006,0.1
VU,SST_ANOM,2007,0.4
VU,SST_ANOM,2008,0.5
VU,SST_ANOM,2009,0.2
VU,SST_ANOM,2010,0.4
VU,SST_ANOM,2011,0.5
VU,SST_ANOM,2012,0.3
VU,SST_ANOM,2013,0.4
VU,SST_ANOM,2014,0.3
VU,SST_ANOM,2015,-0.1
VU,SST_ANOM,2016,0.6
VU,SST_ANOM,2017,0.5
VU,SST_ANOM,2018,0.4
VU,SST_ANOM,2019,0.3
VU,SST_ANOM,2020,0.5
VU,SST_ANOM,2021,0.6
VU,SST_ANOM,2022,1.1
VU,SST_ANOM,2023,0.5
TO,SEA_LVL,1993,0
TO,SEA_LVL,1994,0
TO,SEA_LVL,1995,0
TO,SEA_LVL,1996,0
TO,SEA_LVL,1997,0
TO,SEA_LVL,1998,0
TO,SEA_LVL,1999,0
TO,SEA_LVL,2000,0.1
TO,SEA_LVL,2001,0
TO,SEA_LVL,2002,0.1
TO,SEA_LVL,2003,0
TO,SEA_LVL,2004,0
TO,SEA_LVL,2005,0
TO,SEA_LVL,2006,0
TO,SEA_LVL,2007,0.1
TO,SEA_LVL,2008,0.1
TO,SEA_LVL,2009,0.1
TO,SEA_LVL,2010,0
TO,SEA_LVL,2011,0.1
TO,SEA_LVL,2012,0.1
TO,SEA_LVL,2013,0.1
TO,SEA_LVL,2014,0.1
TO,SEA_LVL,2015,0
TO,SEA_LVL,2016,0.1
TO,SEA_LVL,2017,0.1
TO,SEA_LVL,2018,0.1
TO,SEA_LVL,2019,0.1
TO,SEA_LVL,2020,0.1
TO,SEA_LVL,2021,0.1
TO,SEA_LVL,2022,0.1
TO,SEA_LVL,2023,0.1
NC,SEA_LVL,1993,0
NC,SEA_LVL,1994,0
NC,SEA_LVL,1995,0
NC,SEA_LVL,1996,0
NC,SEA_LVL,1997,0
NC,SEA_LVL,1998,0.1
NC,SEA_LVL,1999,0
NC,SEA_LVL,2000,0
NC,SEA_LVL,2001,0
NC,SEA_LVL,2002,0
NC,SEA_LVL,2003,0
NC,SEA_LVL,2004,0
NC,SEA_LVL,2005,0
NC,SEA_LVL,2006,0
NC,SEA_LVL,2007,0
NC,SEA_LVL,2008,0
NC,SEA_LVL,2009,0.1
NC,SEA_LVL,2010,0.1
NC,SEA_LVL,2011,0
NC,SEA_LVL,2012,0.1
NC,SEA_LVL,2013,0.1
NC,SEA_LVL,2014,0.1
NC,SEA_LVL,2015,0.1
NC,SEA_LVL,2016,0.1
NC,SEA_LVL,2017,0.1
NC,SEA_LVL,2018,0.1
NC,SEA_LVL,2019,0.1
NC,SEA_LVL,2020,0.1
NC,SEA_LVL,2021,0.1
NC,SEA_LVL,2022,0.1
NC,SEA_LVL,2023,0.1
GU,SEA_LVL,1993,0
GU,SEA_LVL,1994,0
GU,SEA_LVL,1995,-0.1
GU,SEA_LVL,1996,0
GU,SEA_LVL,1997,-0.1
GU,SEA_LVL,1998,0
GU,SEA_LVL,1999,0.1
GU,SEA_LVL,2000,0.1
GU,SEA_LVL,2001,0
GU,SEA_LVL,2002,0
GU,SEA_LVL,2003,0
GU,SEA_LVL,2004,0
GU,SEA_LVL,2005,0
GU,SEA_LVL,2006,0.1
GU,SEA_LVL,2007,0.1
GU,SEA_LVL,2008,0.2
GU,SEA_LVL,2009,0.1
GU,SEA_LVL,2010,0.1
GU,SEA_LVL,2011,0.1
GU,SEA_LVL,2012,0.1
GU,SEA_LVL,2013,0.1
GU,SEA_LVL,2014,0
GU,SEA_LVL,2015,-0.1
GU,SEA_LVL,2016,0
GU,SEA_LVL,2017,0.1
GU,SEA_LVL,2018,0
GU,SEA_LVL,2019,0
GU,SEA_LVL,2020,0.1
GU,SEA_LVL,2021,0.2
GU,SEA_LVL,2022,0.1
GU,SEA_LVL,2023,0.1
NC,SST_ANOM,1993,-0.5
NC,SST_ANOM,1994,-0.6
NC,SST_ANOM,1995,0.1
NC,SST_ANOM,1996,0.2
NC,SST_ANOM,1997,-0.1
NC,SST_ANOM,1998,0.8
NC,SST_ANOM,1999,0.2
NC,SST_ANOM,2000,0
NC,SST_ANOM,2001,0.3
NC,SST_ANOM,2002,0.2
NC,SST_ANOM,2003,0.2
NC,SST_ANOM,2004,0.1
NC,SST_ANOM,2005,0.2
NC,SST_ANOM,2006,0
NC,SST_ANOM,2007,0.1
NC,SST_ANOM,2008,0.3
NC,SST_ANOM,2009,0.2
NC,SST_ANOM,2010,0.4
NC,SST_ANOM,2011,0.3
NC,SST_ANOM,2012,0
NC,SST_ANOM,2013,0.2
NC,SST_ANOM,2014,0.1
NC,SST_ANOM,2015,0
NC,SST_ANOM,2016,0.7
NC,SST_ANOM,2017,0.5
NC,SST_ANOM,2018,0.3
NC,SST_ANOM,2019,0.2
NC,SST_ANOM,2020,0.5
NC,SST_ANOM,2021,0.4
NC,SST_ANOM,2022,0.9
NC,SST_ANOM,2023,0.4
KI,RAIN_ANOM,1993,19.9
KI,RAIN_ANOM,1994,1.5
KI,RAIN_ANOM,1995,-18.4
KI,RAIN_ANOM,1996,-25.2
KI,RAIN_ANOM,1997,40.4
KI,RAIN_ANOM,1998,-16.9
KI,RAIN_ANOM,1999,-29.7
KI,RAIN_ANOM,2000,-26.1
KI,RAIN_ANOM,2001,-12.9
KI,RAIN_ANOM,2002,25.4
KI,RAIN_ANOM,2003,5
KI,RAIN_ANOM,2004,-1.5
KI,RAIN_ANOM,2005,-2.6
KI,RAIN_ANOM,2006,-0.3
KI,RAIN_ANOM,2007,-6.8
KI,RAIN_ANOM,2008,-22.2
KI,RAIN_ANOM,2009,2.9
KI,RAIN_ANOM,2010,18.5
KI,RAIN_ANOM,2011,-20.2
KI,RAIN_ANOM,2012,-8.7
KI,RAIN_ANOM,2013,-15
KI,RAIN_ANOM,2014,4.9
KI,RAIN_ANOM,2015,50.3
KI,RAIN_ANOM,2016,13
KI,RAIN_ANOM,2017,-24
KI,RAIN_ANOM,2018,-20.1
KI,RAIN_ANOM,2019,27.3
KI,RAIN_ANOM,2020,-10.9
KI,RAIN_ANOM,2021,-20.9
KI,RAIN_ANOM,2022,-28
KI,RAIN_ANOM,2023,16.7
PW,SEA_LVL,1993,-0.1
PW,SEA_LVL,1994,-0.1
PW,SEA_LVL,1995,0
PW,SEA_LVL,1996,0
PW,SEA_LVL,1997,-0.1
PW,SEA_LVL,1998,0
PW,SEA_LVL,1999,0.1
PW,SEA_LVL,2000,0.1
PW,SEA_LVL,2001,0.1
PW,SEA_LVL,2002,-0.1
PW,SEA_LVL,2003,0
PW,SEA_LVL,2004,0
PW,SEA_LVL,2005,0
PW,SEA_LVL,2006,0
PW,SEA_LVL,2007,0
PW,SEA_LVL,2008,0.2
PW,SEA_LVL,2009,0.1
PW,SEA_LVL,2010,0.1
PW,SEA_LVL,2011,0.1
PW,SEA_LVL,2012,0.1
PW,SEA_LVL,2013,0.1
PW,SEA_LVL,2014,0
PW,SEA_LVL,2015,-0.1
PW,SEA_LVL,2016,0
PW,SEA_LVL,2017,0.1
PW,SEA_LVL,2018,0
PW,SEA_LVL,2019,0
PW,SEA_LVL,2020,0.1
PW,SEA_LVL,2021,0.2
PW,SEA_LVL,2022,0.2
PW,SEA_LVL,2023,0.1
GU,SST_ANOM,1993,-0.4
GU,SST_ANOM,1994,0
GU,SST_ANOM,1995,0.2
GU,SST_ANOM,1996,0.4
GU,SST_ANOM,1997,0.1
GU,SST_ANOM,1998,0.1
GU,SST_ANOM,1999,0.4
GU,SST_ANOM,2000,0.4
GU,SST_ANOM,2001,0.5
GU,SST_ANOM,2002,0.3
GU,SST_ANOM,2003,0.3
GU,SST_ANOM,2004,0.2
GU,SST_ANOM,2005,0.2
GU,SST_ANOM,2006,0.2
GU,SST_ANOM,2007,0.4
GU,SST_ANOM,2008,0.5
GU,SST_ANOM,2009,0.4
GU,SST_ANOM,2010,0.3
GU,SST_ANOM,2011,0.5
GU,SST_ANOM,2012,0.4
GU,SST_ANOM,2013,0.5
GU,SST_ANOM,2014,0.5
GU,SST_ANOM,2015,0.2
GU,SST_ANOM,2016,0.4
GU,SST_ANOM,2017,0.8
GU,SST_ANOM,2018,0.6
GU,SST_ANOM,2019,0.6
GU,SST_ANOM,2020,0.7
GU,SST_ANOM,2021,0.8
GU,SST_ANOM,2022,0.7
GU,SST_ANOM,2023,0.6
