station,year,dhw
Fiji,1985,0.65
Fiji,1986,1.52
Fiji,1987,0.14
Fiji,1988,3.02
Fiji,1989,0.32
Fiji,1990,0.14
Fiji,1991,0.52
Fiji,1992,2.67
Fiji,1993,0
Fiji,1994,1
Fiji,1995,0.49
Fiji,1996,2.94
Fiji,1997,1.16
Fiji,1998,0
Fiji,1999,1.85
Fiji,2000,13.2
Fiji,2001,8.31
Fiji,2002,9.84
Fiji,2003,2.29
Fiji,2004,3.51
Fiji,2005,7.34
Fiji,2006,7.69
Fiji,2007,0
Fiji,2008,2.33
Fiji,2009,7.06
Fiji,2010,0.3
Fiji,2011,0.15
Fiji,2012,0.45
Fiji,2013,2.35
Fiji,2014,13.8
Fiji,2015,10.39
Fiji,2016,9.71
Fiji,2017,4.74
Fiji,2018,3.23
Fiji,2019,9.81
Fiji,2020,3.87
Fiji,2021,1.94
Fiji,2022,8.77
Fiji,2023,12.66
Fiji,2024,13.31
Fiji,2025,8
"Gilbert Islands, Kiribati",1985,1.54
"Gilbert Islands, Kiribati",1986,13.52
"Gilbert Islands, Kiribati",1987,10.4
"Gilbert Islands, Kiribati",1988,10.75
"Gilbert Islands, Kiribati",1989,1.15
"Gilbert Islands, Kiribati",1990,8.94
"Gilbert Islands, Kiribati",1991,9.51
"Gilbert Islands, Kiribati",1992,5.86
"Gilbert Islands, Kiribati",1993,4.7
"Gilbert Islands, Kiribati",1994,6.42
"Gilbert Islands, Kiribati",1995,5
"Gilbert Islands, Kiribati",1996,0
"Gilbert Islands, Kiribati",1997,0.86
"Gilbert Islands, Kiribati",1998,0
"Gilbert Islands, Kiribati",1999,0
"Gilbert Islands, Kiribati",2000,0
"Gilbert Islands, Kiribati",2001,2.99
"Gilbert Islands, Kiribati",2002,3.76
"Gilbert Islands, Kiribati",2003,3.48
"Gilbert Islands, Kiribati",2004,15.88
"Gilbert Islands, Kiribati",2005,15.48
"Gilbert Islands, Kiribati",2006,13.52
"Gilbert Islands, Kiribati",2007,9.74
"Gilbert Islands, Kiribati",2008,0
"Gilbert Islands, Kiribati",2009,14.14
"Gilbert Islands, Kiribati",2010,10.68
"Gilbert Islands, Kiribati",2011,0
"Gilbert Islands, Kiribati",2012,7.99
"Gilbert Islands, Kiribati",2013,5.05
"Gilbert Islands, Kiribati",2014,12.93
"Gilbert Islands, Kiribati",2015,12.73
"Gilbert Islands, Kiribati",2016,6.17
"Gilbert Islands, Kiribati",2017,0
"Gilbert Islands, Kiribati",2018,15.52
"Gilbert Islands, Kiribati",2019,15.44
"Gilbert Islands, Kiribati",2020,13
"Gilbert Islands, Kiribati",2021,0
"Gilbert Islands, Kiribati",2022,0
"Gilbert Islands, Kiribati",2023,17.5
"Gilbert Islands, Kiribati",2024,15.44
"Gilbert Islands, Kiribati",2025,0.3
Northern Tonga,1985,0
Northern Tonga,1986,1.58
Northern Tonga,1987,0.15
Northern Tonga,1988,2.81
Northern Tonga,1989,0
Northern Tonga,1990,0
Northern Tonga,1991,2.07
Northern Tonga,1992,1.18
Northern Tonga,1993,1
Northern Tonga,1994,5.07
Northern Tonga,1995,0.32
Northern Tonga,1996,1.3
Northern Tonga,1997,0
Northern Tonga,1998,0.33
Northern Tonga,1999,0.33
Northern Tonga,2000,0.3
Northern Tonga,2001,6.48
Northern Tonga,2002,3.08
Northern Tonga,2003,4.83
Northern Tonga,2004,2.73
Northern Tonga,2005,3.46
Northern Tonga,2006,2.77
Northern Tonga,2007,0.95
Northern Tonga,2008,0.3
Northern Tonga,2009,4.3
Northern Tonga,2010,3.39
Northern Tonga,2011,0
Northern Tonga,2012,0
Northern Tonga,2013,0.57
Northern Tonga,2014,8.26
Northern Tonga,2015,13.64
Northern Tonga,2016,6.39
Northern Tonga,2017,7.68
Northern Tonga,2018,1.1
Northern Tonga,2019,1.1
Northern Tonga,2020,4.31
Northern Tonga,2021,0.31
Northern Tonga,2022,1.42
Northern Tonga,2023,4.57
Northern Tonga,2024,15.2
Northern Tonga,2025,4.51
Palau,1985,1.11
Palau,1986,3.46
Palau,1987,1.29
Palau,1988,1.29
Palau,1989,0.36
Palau,1990,0.32
Palau,1991,0
Palau,1992,1.05
Palau,1993,0.51
Palau,1994,0.3
Palau,1995,0.45
Palau,1996,1.72
Palau,1997,1.43
Palau,1998,8.69
Palau,1999,0.44
Palau,2000,0.64
Palau,2001,0.6
Palau,2002,0.6
Palau,2003,0.63
Palau,2004,0.35
Palau,2005,0.35
Palau,2006,0
Palau,2007,0
Palau,2008,1.69
Palau,2009,0.31
Palau,2010,9.16
Palau,2011,2.43
Palau,2012,1.14
Palau,2013,1.22
Palau,2014,4.03
Palau,2015,0.77
Palau,2016,5.46
Palau,2017,10.36
Palau,2018,5.51
Palau,2019,1.62
Palau,2020,5.99
Palau,2021,4.56
Palau,2022,8.1
Palau,2023,2.81
Palau,2024,9.86
Palau,2025,6.39
Samoas,1985,0.16
Samoas,1986,1.25
Samoas,1987,0
Samoas,1988,1.27
Samoas,1989,0
Samoas,1990,0
Samoas,1991,3.97
Samoas,1992,0.64
Samoas,1993,3.05
Samoas,1994,8.61
Samoas,1995,3.39
Samoas,1996,0.6
Samoas,1997,0
Samoas,1998,0.31
Samoas,1999,0.31
Samoas,2000,0.17
Samoas,2001,3.45
Samoas,2002,4.92
Samoas,2003,10.06
Samoas,2004,1.39
Samoas,2005,3.25
Samoas,2006,2.13
Samoas,2007,4.06
Samoas,2008,0
Samoas,2009,2.95
Samoas,2010,4.71
Samoas,2011,0
Samoas,2012,0.31
Samoas,2013,1.89
Samoas,2014,4.65
Samoas,2015,12.04
Samoas,2016,7.51
Samoas,2017,12.17
Samoas,2018,0.47
Samoas,2019,9.31
Samoas,2020,11.12
Samoas,2021,0.3
Samoas,2022,0
Samoas,2023,2.23
Samoas,2024,19.28
Samoas,2025,5.29
Solomon Islands,1985,0.17
Solomon Islands,1986,2.7
Solomon Islands,1987,2.24
Solomon Islands,1988,3.1
Solomon Islands,1989,1.44
Solomon Islands,1990,1.6
Solomon Islands,1991,1.17
Solomon Islands,1992,0.65
Solomon Islands,1993,0.65
Solomon Islands,1994,2.71
Solomon Islands,1995,1.59
Solomon Islands,1996,3.25
Solomon Islands,1997,0.14
Solomon Islands,1998,0.16
Solomon Islands,1999,0.48
Solomon Islands,2000,3.23
Solomon Islands,2001,5.17
Solomon Islands,2002,1.44
Solomon Islands,2003,0.76
Solomon Islands,2004,3.48
Solomon Islands,2005,4.87
Solomon Islands,2006,2.74
Solomon Islands,2007,1.28
Solomon Islands,2008,4.08
Solomon Islands,2009,4.72
Solomon Islands,2010,2.69
Solomon Islands,2011,0
Solomon Islands,2012,1.39
Solomon Islands,2013,6.12
Solomon Islands,2014,6.1
Solomon Islands,2015,6.85
Solomon Islands,2016,6.19
Solomon Islands,2017,4.27
Solomon Islands,2018,4.68
Solomon Islands,2019,0.75
Solomon Islands,2020,3.93
Solomon Islands,2021,6.58
Solomon Islands,2022,6.93
Solomon Islands,2023,7.08
Solomon Islands,2024,6.99
Solomon Islands,2025,15.56
Tuvalu,1985,0.72
Tuvalu,1986,7.99
Tuvalu,1987,6.17
Tuvalu,1988,1.78
Tuvalu,1989,0
Tuvalu,1990,0.78
Tuvalu,1991,2.22
Tuvalu,1992,1.69
Tuvalu,1993,1.69
Tuvalu,1994,1.13
Tuvalu,1995,1.29
Tuvalu,1996,0
Tuvalu,1997,0.37
Tuvalu,1998,0.16
Tuvalu,1999,0
Tuvalu,2000,0
Tuvalu,2001,0.14
Tuvalu,2002,0.64
Tuvalu,2003,1.66
Tuvalu,2004,2.31
Tuvalu,2005,1.55
Tuvalu,2006,2.31
Tuvalu,2007,3.08
Tuvalu,2008,0
Tuvalu,2009,0.14
Tuvalu,2010,2.82
Tuvalu,2011,0
Tuvalu,2012,0
Tuvalu,2013,0.47
Tuvalu,2014,2.01
Tuvalu,2015,4.29
Tuvalu,2016,3.57
Tuvalu,2017,0
Tuvalu,2018,0.31
Tuvalu,2019,1.83
Tuvalu,2020,1.83
Tuvalu,2021,0
Tuvalu,2022,0
Tuvalu,2023,8.92
Tuvalu,2024,15.6
Tuvalu,2025,0
Vanuatu,1985,3.8
Vanuatu,1986,2.42
Vanuatu,1987,0.71
Vanuatu,1988,2.85
Vanuatu,1989,0.3
Vanuatu,1990,4.68
Vanuatu,1991,0.62
Vanuatu,1992,2.37
Vanuatu,1993,0
Vanuatu,1994,0.97
Vanuatu,1995,4.7
Vanuatu,1996,7.69
Vanuatu,1997,2.11
Vanuatu,1998,2.89
Vanuatu,1999,3.38
Vanuatu,2000,2.65
Vanuatu,2001,5.39
Vanuatu,2002,6.06
Vanuatu,2003,0.64
Vanuatu,2004,2.36
Vanuatu,2005,8.29
Vanuatu,2006,8.42
Vanuatu,2007,2.01
Vanuatu,2008,6.4
Vanuatu,2009,7.2
Vanuatu,2010,0.75
Vanuatu,2011,1.54
Vanuatu,2012,2.45
Vanuatu,2013,1.85
Vanuatu,2014,3.96
Vanuatu,2015,8.03
Vanuatu,2016,12.79
Vanuatu,2017,6.82
Vanuatu,2018,3.03
Vanuatu,2019,4.94
Vanuatu,2020,3.33
Vanuatu,2021,4.54
Vanuatu,2022,9.85
Vanuatu,2023,10.18
Vanuatu,2024,13.57
Vanuatu,2025,7.56
